{"cameraMode":{"drawMode":0,"name":"Shaded","section":"Shading Mode"},"sceneLighting":true,"audioPlay":false,"sceneViewState":{"showFog":false,"showMaterialUpdate":false,"showSkybox":true,"showFlares":false,"showImageEffects":false,"showParticleSystems":false},"in2DMode":false,"pivot":{"x":-0.5425999164581299,"y":-0.24931025505065919,"z":-0.17483246326446534},"rotation":{"x":-0.05054868757724762,"y":0.8603363633155823,"z":-0.08702360093593598,"w":-0.49970316886901858},"size":1.59999680519104,"orthographic":false}